,Net sales,Net income,Earnings per  common and  common  equivalent  share,Earnings per diluted share,Cash dividends  declared  per common  share,Common and  common  equivalent  shares used  in the  calculations  of basic earnings per  share (Per Thousand),Common and  common  equivalent  shares used  in the  calculations  of diluted earnings per  share (Per Thousand),"Cash, cash  equivalents,  and short-term  investments",Total assets,Commercial paper,Long-term debt,Other long-term obligations,Other non-current liabilities,"Deferred tax 
 liabilities",Total Liabilities,Shareholder's Equity
1990," $ 5,558.44 ", $ 474.90 , $ 3.77 ,, $ 0.44 ,"125,813",, $ 997.09 ," $ 2,975.71 ",, $ 5.44 ,,, $ 501.83 ,,
1991," $ 6,308.85 ", $ 309.84 , $ 2.58 ,, $ 0.48 ,"120,283",, $ 892.72 ," $ 3,493.60 ",, $ 18.13 ,,, $ 509.87 ,,
1992," $ 7,086.54 ", $ 530.37 , $ 4.33 ,, $ 0.48 ,"122,490",," $ 1,435.50 "," $ 4,223.69 ",, $ 17.74 ,,, $ 610.80 ,,
1993," $ 7,976.95 ", $ 86.59 , $ 0.73 ,, $ 0.48 ,"119,125",, $ 892.30 ," $ 5,171.41 ",, $ 7.12 ,,, $ 629.83 ,,
1994," $ 9,188.75 ", $ 310.18 , $ 2.61 ,, $ 0.48 ,"118,735",," $ 1,257.86 "," $ 5,302.75 ",, $ 304.47 ,,, $ 670.67 ,,
1995," $ 11,062.00 ", $ 424.00 , $ 3.50 , $ 3.45 ,,"121,192","123,047", $ 952.00 ," $ 6,231.00 ",, $ 303.00 ,,,,," $ 2,901.00 "
1996," $ 9,833.00 ", $ (816.00), $ (6.59), $ (6.59),,"123,734","123,734"," $ 1,745.00 "," $ 5,364.00 ",, $ 949.00 ,,,,," $ 2,058.00 "
1997," $ 7,081.00 "," $ (1,045.00)", $ (8.29), $ (8.29),,"126,062","126,062"," $ 1,459.00 "," $ 4,233.00 ",, $ 951.00 ,,,,," $ 1,200.00 "
1998," $ 5,941.00 ", $ 309.00 , $ 2.34 , $ 2.10 ,,"131,974","167,917"," $ 2,300.00 "," $ 4,289.00 ",, $ 954.00 ,,,,," $ 1,642.00 "
1999," $ 6,134.00 ", $ 601.00 , $ 4.20 , $ 3.61 ,,"143,157","174,164"," $ 3,226.00 "," $ 5,161.00 ",, $ 300.00 ,,,,," $ 3,104.00 "
2000," $ 7,983.00 ", $ 786.00 , $ 2.42 , $ 2.18 , $ -   ,"324,568","360,324"," $ 4,027.00 "," $ 6,803.00 ",, $ 300.00 ,,,," $ 2,696.00 "," $ 4,107.00 "
2001," $ 5,363.00 ", $ (25.00), $ 0.07 , $ 0.07 , $ -   ,"345,613","345,613"," $ 4,336.00 "," $ 6,021.00 ",, $ 317.00 ,,,," $ 2,101.00 "," $ 3,920.00 "
2002," $ 5,742.00 ", $ 65.00 , $ 0.18 , $ 0.18 , $ -   ,"355,022","361,785"," $ 4,337.00 "," $ 6,298.00 ",, $ 316.00 ,,,," $ 2,203.00 "," $ 4,095.00 "
2003," $ 6,207.00 ", $ 69.00 , $ 0.19 , $ 0.19 , $ -   ,"360,631","363,466"," $ 4,566.00 "," $ 6,815.00 ",, $ 304.00 ,,,," $ 2,592.00 "," $ 4,223.00 "
2004," $ 8,279.00 ", $ 276.00 , $ 0.74 , $ 0.71 , $ -   ,"371,590","387,311"," $ 5,464.00 "," $ 8,050.00 ",, $ -   ,,,," $ 2,974.00 "," $ 5,076.00 "
2005," $ 13,931.00 "," $ 1,328.00 ", $ 1.64 , $ 1.55 , $ -   ,"808,439","856,878"," $ 8,261.00 "," $ 11,516.00 ",, $ -   ,,,," $ 4,088.00 "," $ 7,428.00 "
2006," $ 19,315.00 "," $ 1,989.00 ", $ 2.36 , $ 2.27 , $ -   ,"844,058","877,526"," $ 10,110.00 "," $ 17,205.00 ",, $ -   ,,,," $ 7,221.00 "," $ 9,984.00 "
2007," $ 24,006.00 "," $ 3,496.00 ", $ 4.04 , $ 3.93 , $ -   ,"864,595","889,292"," $ 15,386.00 "," $ 25,347.00 ",, $ -   ,,,," $ 10,815.00 "," $ 14,532.00 "
2008," $ 32,479.00 "," $ 4,834.00 ", $ 5.48 , $ 5.36 , $ -   ,"881,592","902,139"," $ 24,490.00 "," $ 39,572.00 ",, $ -   ,,,," $ 18,542.00 "," $ 21,030.00 "
2009," $ 36,537.00 "," $ 5,704.00 ", $ 6.39 , $ 6.29 , $ -   ,"893,016","907,005"," $ 33,992.00 "," $ 53,851.00 ",, $ -   ,,,," $ 26,019.00 "," $ 27,832.00 "
2010," $ 65,225.00 "," $ 14,013.00 ", $ 2.20 , $ 2.16 , $ -   ,"6,366,224","6,472,983"," $ 51,011.00 "," $ 75,183.00 ",, $ -   ," $ 5,531.00 ",,," $ 27,392.00 "," $ 47,791.00 "
2011," $ 108,249.00 "," $ 25,922.00 ", $ 4.01 , $ 3.95 , $ -   ,"6,469,806","6,556,514"," $ 81,570.00 "," $ 116,371.00 ",,," $ 10,100.00 ",,," $ 39,756.00 "," $ 76,615.00 "
2012," $ 156,508.00 "," $ 41,733.00 ", $ 6.38 , $ 6.31 , $ 0.38 ,"6,543,726","6,617,483"," $ 121,251.00 "," $ 176,064.00 ",,," $ 16,664.00 ",,," $ 57,854.00 "," $ 118,210.00 "
2013," $ 170,910.00 "," $ 37,037.00 ", $ 5.72 , $ 5.68 , $ 1.64 ,"6,477,320","6,521,634"," $ 146,761.00 "," $ 207,000.00 ",," $ 16,960.00 "," $ 20,208.00 ",,," $ 83,451.00 "," $ 123,549.00 "
2014," $ 182,795.00 "," $ 39,510.00 ", $ 6.49 , $ 6.45 , $ 1.82 ,"6,085,572","6,122,663"," $ 155,239.00 "," $ 231,839.00 "," $ 6,308.00 "," $ 28,987.00 "," $ 24,826.00 ",,," $ 120,292.00 "," $ 111,547.00 "
2015," $ 233,715.00 "," $ 53,394.00 ", $ 9.28 , $ 9.22 , $ 1.98 ,"5,753,421","5,793,069"," $ 205,666.00 "," $ 290,345.00 ",," $ 55,829.00 "," $ 33,427.00 "," $ 38,104.00 ",," $ 170,990.00 "," $ 119,355.00 "
2016," $ 215,639.00 "," $ 45,687.00 ", $ 8.35 , $ 8.31 , $ 2.18 ,"5,470,820","5,500,281"," $ 237,585.00 "," $ 321,686.00 ",," $ 78,927.00 "," $ 36,074.00 "," $ 39,986.00 ",," $ 193,437.00 "," $ 128,249.00 "
2017," $ 229,234.00 "," $ 48,351.00 ", $ 9.27 , $ 9.21 , $ 2.40 ,"5,217,242","5,251,692"," $ 268,895.00 "," $ 375,319.00 "," $ 11,977.00 "," $ 103,703.00 "," $ 40,415.00 "," $ 44,212.00 ",," $ 241,272.00 "," $ 134,047.00 "
2018," $ 265,595.00 "," $ 59,531.00 ", $ 12.01 , $ 11.91 , $ 2.72 ,"4,955,377","5,000,109"," $ 237,100.00 "," $ 365,725.00 "," $ 11,964.00 "," $ 102,519.00 ",," $ 48,914.00 ", $ 776.00 ," $ 258,578.00 "," $ 90,488.00 "
2019," $ 260,174.00 "," $ 55,256.00 ", $ 11.97 , $ 11.89 , $ 3.00 ,"4,617,834","4,648,913"," $ 205,898.00 "," $ 338,516.00 "," $ 5,980.00 "," $ 102,067.00 ",," $ 50,503.00 "," $ 11,595.00 "," $ 248,028.00 "," $ 107,147.00 "
2020," $ 274,515.00 "," $ 57,411.00 ", $ 3.31 , $ 3.28 , $ 0.80 ,"17,352,119","17,528,214"," $ 191,830.00 "," $ 323,888.00 "," $ 4,996.00 "," $ 107,440.00 ",," $ 54,490.00 "," $ 10,138.00 "," $ 258,549.00 "," $ 90,488.00 "
2021," $ 365,817.00 "," $ 94,680.00 ", $ 5.67 , $ 5.61 , $ -   ,"16,701,272","16,864,919"," $ 190,516.00 "," $ 351,002.00 "," $ 6,000.00 "," $ 118,719.00 ",," $ 53,325.00 "," $ 7,200.00 "," $ 287,912.00 "," $ 65,339.00 "
2022," $ 394,328.00 "," $ 99,803.00 ", $ 6.15 , $ 6.11 , $ -   ,"16,215,963","16,325,819"," $ 169,109.00 "," $ 352,755.00 "," $ 9,982.00 "," $ 110,087.00 ",," $ 49,142.00 "," $ 7,139.00 "," $ 302,083.00 "," $ 63,090.00 "
2023," $ 383,285.00 "," $ 96,995.00 ", $ 6.16 , $ 6.13 , $ -   ,"15,744,231","15,812,547"," $ 162,099.00 "," $ 352,583.00 "," $ 5,985.00 "," $ 105,103.00 ",," $ 49,848.00 "," $ 7,118.00 "," $ 290,437.00 "," $ 50,672.00 "